<?xml version="1.0" encoding="UTF-8"?>
<export version="E">
  <design>
    <source>/home/kevinnguyen/Documents/rp2040-brook /pico/kicad/pico-brook-.kicad_sch</source>
    <date>Sun 31 Jul 2022 09:35:47 MST</date>
    <tool>Eeschema (6.0.6)</tool>
    <sheet number="1" name="/" tstamps="/">
      <title_block>
        <title/>
        <company/>
        <rev/>
        <date/>
        <source>pico-brook-.kicad_sch</source>
        <comment number="1" value=""/>
        <comment number="2" value=""/>
        <comment number="3" value=""/>
        <comment number="4" value=""/>
        <comment number="5" value=""/>
        <comment number="6" value=""/>
        <comment number="7" value=""/>
        <comment number="8" value=""/>
        <comment number="9" value=""/>
      </title_block>
    </sheet>
  </design>
  <components>
    <comp ref="H1">
      <value>MountingHole</value>
      <footprint>MountingHole:MountingHole_3.2mm_M3</footprint>
      <libsource lib="Mechanical" part="MountingHole" description="Mounting Hole without connection"/>
      <property name="Sheetname" value=""/>
      <property name="Sheetfile" value="pico-brook-.kicad_sch"/>
      <sheetpath names="/" tstamps="/"/>
      <tstamps>315ac4b0-8d51-48e9-b884-40eb8dbe0184</tstamps>
    </comp>
    <comp ref="H2">
      <value>MountingHole</value>
      <footprint>MountingHole:MountingHole_3.2mm_M3</footprint>
      <libsource lib="Mechanical" part="MountingHole" description="Mounting Hole without connection"/>
      <property name="Sheetname" value=""/>
      <property name="Sheetfile" value="pico-brook-.kicad_sch"/>
      <sheetpath names="/" tstamps="/"/>
      <tstamps>d62994ea-53ed-4070-9a5f-47d47d784a07</tstamps>
    </comp>
    <comp ref="H3">
      <value>MountingHole</value>
      <footprint>MountingHole:MountingHole_3.2mm_M3</footprint>
      <libsource lib="Mechanical" part="MountingHole" description="Mounting Hole without connection"/>
      <property name="Sheetname" value=""/>
      <property name="Sheetfile" value="pico-brook-.kicad_sch"/>
      <sheetpath names="/" tstamps="/"/>
      <tstamps>e824d90a-9557-4695-a449-7d5fbe79f506</tstamps>
    </comp>
    <comp ref="H4">
      <value>MountingHole</value>
      <footprint>MountingHole:MountingHole_3.2mm_M3</footprint>
      <libsource lib="Mechanical" part="MountingHole" description="Mounting Hole without connection"/>
      <property name="Sheetname" value=""/>
      <property name="Sheetfile" value="pico-brook-.kicad_sch"/>
      <sheetpath names="/" tstamps="/"/>
      <tstamps>7d54a92f-eb43-47ac-b88c-393fdcd469e4</tstamps>
    </comp>
    <comp ref="J2">
      <value>Conn_01x05_Male</value>
      <footprint>Connector_PinHeader_2.00mm:PinHeader_1x05_P2.00mm_Vertical</footprint>
      <libsource lib="Connector" part="Conn_01x05_Male" description="Generic connector, single row, 01x05, script generated (kicad-library-utils/schlib/autogen/connector/)"/>
      <property name="Sheetname" value=""/>
      <property name="Sheetfile" value="pico-brook-.kicad_sch"/>
      <sheetpath names="/" tstamps="/"/>
      <tstamps>a6d50896-f15e-45b0-81f6-d53b078764b2</tstamps>
    </comp>
    <comp ref="J3">
      <value>Screw_Terminal_01x20</value>
      <footprint>Connector_Wago:Wago_734-150_1x20_P3.50mm_Vertical</footprint>
      <libsource lib="Connector" part="Screw_Terminal_01x20" description="Generic screw terminal, single row, 01x20, script generated (kicad-library-utils/schlib/autogen/connector/)"/>
      <property name="Sheetname" value=""/>
      <property name="Sheetfile" value="pico-brook-.kicad_sch"/>
      <sheetpath names="/" tstamps="/"/>
      <tstamps>d18c544f-661a-495a-9d4f-ca9214eda290</tstamps>
    </comp>
    <comp ref="J4">
      <value>Conn_01x04_Female</value>
      <footprint>Connector_PinSocket_2.00mm:PinSocket_1x04_P2.00mm_Vertical</footprint>
      <libsource lib="Connector" part="Conn_01x04_Female" description="Generic connector, single row, 01x04, script generated (kicad-library-utils/schlib/autogen/connector/)"/>
      <property name="Sheetname" value=""/>
      <property name="Sheetfile" value="pico-brook-.kicad_sch"/>
      <sheetpath names="/" tstamps="/"/>
      <tstamps>bb33103c-679b-481b-9e23-9f0e181813a3</tstamps>
    </comp>
    <comp ref="J5">
      <value>Conn_01x05_Male</value>
      <footprint>Connector_PinHeader_2.00mm:PinHeader_1x05_P2.00mm_Vertical</footprint>
      <libsource lib="Connector" part="Conn_01x05_Male" description="Generic connector, single row, 01x05, script generated (kicad-library-utils/schlib/autogen/connector/)"/>
      <property name="Sheetname" value=""/>
      <property name="Sheetfile" value="pico-brook-.kicad_sch"/>
      <sheetpath names="/" tstamps="/"/>
      <tstamps>51e77ea7-ff52-4a5d-ada1-d961b6ef7642</tstamps>
    </comp>
    <comp ref="J6">
      <value>Conn_01x04_Female</value>
      <footprint>Connector_PinSocket_2.54mm:PinSocket_1x04_P2.54mm_Vertical</footprint>
      <libsource lib="Connector" part="Conn_01x04_Female" description="Generic connector, single row, 01x04, script generated (kicad-library-utils/schlib/autogen/connector/)"/>
      <property name="Sheetname" value=""/>
      <property name="Sheetfile" value="pico-brook-.kicad_sch"/>
      <sheetpath names="/" tstamps="/"/>
      <tstamps>a220aa7e-8cad-45f5-a4bc-72eb7d34202c</tstamps>
    </comp>
    <comp ref="J7">
      <value>Conn_01x04_Male</value>
      <footprint>Connector_PinHeader_2.54mm:PinHeader_1x04_P2.54mm_Vertical</footprint>
      <libsource lib="Connector" part="Conn_01x04_Male" description="Generic connector, single row, 01x04, script generated (kicad-library-utils/schlib/autogen/connector/)"/>
      <property name="Sheetname" value=""/>
      <property name="Sheetfile" value="pico-brook-.kicad_sch"/>
      <sheetpath names="/" tstamps="/"/>
      <tstamps>96c482a1-0335-482e-8ee5-567808c98fd7</tstamps>
    </comp>
    <comp ref="J8">
      <value>Conn_01x04_Male</value>
      <footprint>Connector_PinHeader_2.00mm:PinHeader_1x04_P2.00mm_Vertical</footprint>
      <libsource lib="Connector" part="Conn_01x04_Male" description="Generic connector, single row, 01x04, script generated (kicad-library-utils/schlib/autogen/connector/)"/>
      <property name="Sheetname" value=""/>
      <property name="Sheetfile" value="pico-brook-.kicad_sch"/>
      <sheetpath names="/" tstamps="/"/>
      <tstamps>85055bf7-3eea-4b87-97e6-8c968bdaf178</tstamps>
    </comp>
    <comp ref="J9">
      <value>Conn_02x10_Odd_Even</value>
      <footprint>Connector_PinSocket_2.54mm:PinSocket_2x10_P2.54mm_Vertical</footprint>
      <libsource lib="Connector_Generic" part="Conn_02x10_Odd_Even" description="Generic connector, double row, 02x10, odd/even pin numbering scheme (row 1 odd numbers, row 2 even numbers), script generated (kicad-library-utils/schlib/autogen/connector/)"/>
      <property name="Sheetname" value=""/>
      <property name="Sheetfile" value="pico-brook-.kicad_sch"/>
      <sheetpath names="/" tstamps="/"/>
      <tstamps>6f256b46-7361-481a-95bc-dad296d3dc2f</tstamps>
    </comp>
    <comp ref="J10">
      <value>Conn_01x02_Female</value>
      <footprint>Connector_PinHeader_2.54mm:PinHeader_1x03_P2.54mm_Vertical</footprint>
      <libsource lib="Connector" part="Conn_01x03_Male" description="Generic connector, single row, 01x03, script generated (kicad-library-utils/schlib/autogen/connector/)"/>
      <property name="Sheetname" value=""/>
      <property name="Sheetfile" value="pico-brook-.kicad_sch"/>
      <sheetpath names="/" tstamps="/"/>
      <tstamps>c7b2fe8c-40bd-4bfe-8049-eaa5524d7ed8</tstamps>
    </comp>
    <comp ref="U1">
      <value>Pico</value>
      <footprint>MCU_RaspberryPi_and_Boards:RPi_Pico_SMD_TH</footprint>
      <libsource lib="MCU_RaspberryPi_and_Boards" part="Pico" description=""/>
      <property name="Sheetname" value=""/>
      <property name="Sheetfile" value="pico-brook-.kicad_sch"/>
      <sheetpath names="/" tstamps="/"/>
      <tstamps>18cddee4-3d8b-4d5b-a5b3-3e3e75a19f2a</tstamps>
    </comp>
  </components>
  <libparts>
    <libpart lib="Connector" part="Conn_01x03_Male">
      <description>Generic connector, single row, 01x03, script generated (kicad-library-utils/schlib/autogen/connector/)</description>
      <docs>~</docs>
      <footprints>
        <fp>Connector*:*_1x??_*</fp>
      </footprints>
      <fields>
        <field name="Reference">J</field>
        <field name="Value">Conn_01x03_Male</field>
        <field name="Datasheet">~</field>
      </fields>
      <pins>
        <pin num="1" name="Pin_1" type="passive"/>
        <pin num="2" name="Pin_2" type="passive"/>
        <pin num="3" name="Pin_3" type="passive"/>
      </pins>
    </libpart>
    <libpart lib="Connector" part="Conn_01x04_Female">
      <description>Generic connector, single row, 01x04, script generated (kicad-library-utils/schlib/autogen/connector/)</description>
      <docs>~</docs>
      <footprints>
        <fp>Connector*:*_1x??_*</fp>
      </footprints>
      <fields>
        <field name="Reference">J</field>
        <field name="Value">Conn_01x04_Female</field>
        <field name="Datasheet">~</field>
      </fields>
      <pins>
        <pin num="1" name="Pin_1" type="passive"/>
        <pin num="2" name="Pin_2" type="passive"/>
        <pin num="3" name="Pin_3" type="passive"/>
        <pin num="4" name="Pin_4" type="passive"/>
      </pins>
    </libpart>
    <libpart lib="Connector" part="Conn_01x04_Male">
      <description>Generic connector, single row, 01x04, script generated (kicad-library-utils/schlib/autogen/connector/)</description>
      <docs>~</docs>
      <footprints>
        <fp>Connector*:*_1x??_*</fp>
      </footprints>
      <fields>
        <field name="Reference">J</field>
        <field name="Value">Conn_01x04_Male</field>
        <field name="Datasheet">~</field>
      </fields>
      <pins>
        <pin num="1" name="Pin_1" type="passive"/>
        <pin num="2" name="Pin_2" type="passive"/>
        <pin num="3" name="Pin_3" type="passive"/>
        <pin num="4" name="Pin_4" type="passive"/>
      </pins>
    </libpart>
    <libpart lib="Connector" part="Conn_01x05_Male">
      <description>Generic connector, single row, 01x05, script generated (kicad-library-utils/schlib/autogen/connector/)</description>
      <docs>~</docs>
      <footprints>
        <fp>Connector*:*_1x??_*</fp>
      </footprints>
      <fields>
        <field name="Reference">J</field>
        <field name="Value">Conn_01x05_Male</field>
        <field name="Datasheet">~</field>
      </fields>
      <pins>
        <pin num="1" name="Pin_1" type="passive"/>
        <pin num="2" name="Pin_2" type="passive"/>
        <pin num="3" name="Pin_3" type="passive"/>
        <pin num="4" name="Pin_4" type="passive"/>
        <pin num="5" name="Pin_5" type="passive"/>
      </pins>
    </libpart>
    <libpart lib="Connector" part="Screw_Terminal_01x20">
      <description>Generic screw terminal, single row, 01x20, script generated (kicad-library-utils/schlib/autogen/connector/)</description>
      <docs>~</docs>
      <footprints>
        <fp>TerminalBlock*:*</fp>
      </footprints>
      <fields>
        <field name="Reference">J</field>
        <field name="Value">Screw_Terminal_01x20</field>
        <field name="Datasheet">~</field>
      </fields>
      <pins>
        <pin num="1" name="Pin_1" type="passive"/>
        <pin num="2" name="Pin_2" type="passive"/>
        <pin num="3" name="Pin_3" type="passive"/>
        <pin num="4" name="Pin_4" type="passive"/>
        <pin num="5" name="Pin_5" type="passive"/>
        <pin num="6" name="Pin_6" type="passive"/>
        <pin num="7" name="Pin_7" type="passive"/>
        <pin num="8" name="Pin_8" type="passive"/>
        <pin num="9" name="Pin_9" type="passive"/>
        <pin num="10" name="Pin_10" type="passive"/>
        <pin num="11" name="Pin_11" type="passive"/>
        <pin num="12" name="Pin_12" type="passive"/>
        <pin num="13" name="Pin_13" type="passive"/>
        <pin num="14" name="Pin_14" type="passive"/>
        <pin num="15" name="Pin_15" type="passive"/>
        <pin num="16" name="Pin_16" type="passive"/>
        <pin num="17" name="Pin_17" type="passive"/>
        <pin num="18" name="Pin_18" type="passive"/>
        <pin num="19" name="Pin_19" type="passive"/>
        <pin num="20" name="Pin_20" type="passive"/>
      </pins>
    </libpart>
    <libpart lib="Connector_Generic" part="Conn_02x10_Odd_Even">
      <description>Generic connector, double row, 02x10, odd/even pin numbering scheme (row 1 odd numbers, row 2 even numbers), script generated (kicad-library-utils/schlib/autogen/connector/)</description>
      <docs>~</docs>
      <footprints>
        <fp>Connector*:*_2x??_*</fp>
      </footprints>
      <fields>
        <field name="Reference">J</field>
        <field name="Value">Conn_02x10_Odd_Even</field>
        <field name="Datasheet">~</field>
      </fields>
      <pins>
        <pin num="1" name="Pin_1" type="passive"/>
        <pin num="2" name="Pin_2" type="passive"/>
        <pin num="3" name="Pin_3" type="passive"/>
        <pin num="4" name="Pin_4" type="passive"/>
        <pin num="5" name="Pin_5" type="passive"/>
        <pin num="6" name="Pin_6" type="passive"/>
        <pin num="7" name="Pin_7" type="passive"/>
        <pin num="8" name="Pin_8" type="passive"/>
        <pin num="9" name="Pin_9" type="passive"/>
        <pin num="10" name="Pin_10" type="passive"/>
        <pin num="11" name="Pin_11" type="passive"/>
        <pin num="12" name="Pin_12" type="passive"/>
        <pin num="13" name="Pin_13" type="passive"/>
        <pin num="14" name="Pin_14" type="passive"/>
        <pin num="15" name="Pin_15" type="passive"/>
        <pin num="16" name="Pin_16" type="passive"/>
        <pin num="17" name="Pin_17" type="passive"/>
        <pin num="18" name="Pin_18" type="passive"/>
        <pin num="19" name="Pin_19" type="passive"/>
        <pin num="20" name="Pin_20" type="passive"/>
      </pins>
    </libpart>
    <libpart lib="MCU_RaspberryPi_and_Boards" part="Pico">
      <fields>
        <field name="Reference">U</field>
        <field name="Value">Pico</field>
        <field name="Footprint">RPi_Pico:RPi_Pico_SMD_TH</field>
      </fields>
      <pins>
        <pin num="1" name="GPIO0" type="bidirectional"/>
        <pin num="2" name="GPIO1" type="bidirectional"/>
        <pin num="3" name="GND" type="power_in"/>
        <pin num="4" name="GPIO2" type="bidirectional"/>
        <pin num="5" name="GPIO3" type="bidirectional"/>
        <pin num="6" name="GPIO4" type="bidirectional"/>
        <pin num="7" name="GPIO5" type="bidirectional"/>
        <pin num="8" name="GND" type="power_in"/>
        <pin num="9" name="GPIO6" type="bidirectional"/>
        <pin num="10" name="GPIO7" type="bidirectional"/>
        <pin num="11" name="GPIO8" type="bidirectional"/>
        <pin num="12" name="GPIO9" type="bidirectional"/>
        <pin num="13" name="GND" type="power_in"/>
        <pin num="14" name="GPIO10" type="bidirectional"/>
        <pin num="15" name="GPIO11" type="bidirectional"/>
        <pin num="16" name="GPIO12" type="bidirectional"/>
        <pin num="17" name="GPIO13" type="bidirectional"/>
        <pin num="18" name="GND" type="power_in"/>
        <pin num="19" name="GPIO14" type="bidirectional"/>
        <pin num="20" name="GPIO15" type="bidirectional"/>
        <pin num="21" name="GPIO16" type="bidirectional"/>
        <pin num="22" name="GPIO17" type="bidirectional"/>
        <pin num="23" name="GND" type="power_in"/>
        <pin num="24" name="GPIO18" type="bidirectional"/>
        <pin num="25" name="GPIO19" type="bidirectional"/>
        <pin num="26" name="GPIO20" type="bidirectional"/>
        <pin num="27" name="GPIO21" type="bidirectional"/>
        <pin num="28" name="GND" type="power_in"/>
        <pin num="29" name="GPIO22" type="bidirectional"/>
        <pin num="30" name="RUN" type="input"/>
        <pin num="31" name="GPIO26_ADC0" type="bidirectional"/>
        <pin num="32" name="GPIO27_ADC1" type="bidirectional"/>
        <pin num="33" name="AGND" type="power_in"/>
        <pin num="34" name="GPIO28_ADC2" type="bidirectional"/>
        <pin num="35" name="ADC_VREF" type="power_in"/>
        <pin num="36" name="3V3" type="power_in"/>
        <pin num="37" name="3V3_EN" type="input"/>
        <pin num="38" name="GND" type="bidirectional"/>
        <pin num="39" name="VSYS" type="power_in"/>
        <pin num="40" name="VBUS" type="power_in"/>
        <pin num="41" name="SWCLK" type="input"/>
        <pin num="42" name="GND" type="power_in"/>
        <pin num="43" name="SWDIO" type="bidirectional"/>
        <pin num="44" name="TP1" type="input"/>
        <pin num="45" name="TP2" type="input"/>
        <pin num="46" name="TP3" type="input"/>
        <pin num="47" name="TP4" type="input"/>
        <pin num="48" name="TP5" type="input"/>
        <pin num="49" name="TP6" type="input"/>
      </pins>
    </libpart>
    <libpart lib="Mechanical" part="MountingHole">
      <description>Mounting Hole without connection</description>
      <docs>~</docs>
      <footprints>
        <fp>MountingHole*</fp>
      </footprints>
      <fields>
        <field name="Reference">H</field>
        <field name="Value">MountingHole</field>
        <field name="Datasheet">~</field>
      </fields>
    </libpart>
  </libparts>
  <libraries>
    <library logical="Connector">
      <uri>/usr/share/kicad/symbols//Connector.kicad_sym</uri>
    </library>
    <library logical="Connector_Generic">
      <uri>/usr/share/kicad/symbols//Connector_Generic.kicad_sym</uri>
    </library>
    <library logical="MCU_RaspberryPi_and_Boards">
      <uri>/home/kevinnguyen/Documents/rp2040-brook /pico/kicad/MCU_RaspberryPi_and_Boards.pretty/MCU_RaspberryPi_and_Boards.kicad_sym</uri>
    </library>
    <library logical="Mechanical">
      <uri>/usr/share/kicad/symbols//Mechanical.kicad_sym</uri>
    </library>
  </libraries>
  <nets>
    <net code="1" name="+5V">
      <node ref="J3" pin="1" pinfunction="Pin_1" pintype="passive"/>
      <node ref="J6" pin="1" pinfunction="Pin_1" pintype="passive"/>
      <node ref="J9" pin="19" pinfunction="Pin_19" pintype="passive"/>
      <node ref="J9" pin="20" pinfunction="Pin_20" pintype="passive"/>
      <node ref="U1" pin="40" pinfunction="VBUS" pintype="power_in"/>
    </net>
    <net code="2" name="1K">
      <node ref="J3" pin="16" pinfunction="Pin_16" pintype="passive"/>
      <node ref="J9" pin="13" pinfunction="Pin_13" pintype="passive"/>
      <node ref="U1" pin="9" pinfunction="GPIO6" pintype="bidirectional"/>
    </net>
    <net code="3" name="1P">
      <node ref="J3" pin="11" pinfunction="Pin_11" pintype="passive"/>
      <node ref="J9" pin="8" pinfunction="Pin_8" pintype="passive"/>
      <node ref="U1" pin="14" pinfunction="GPIO10" pintype="bidirectional"/>
    </net>
    <net code="4" name="2K">
      <node ref="J3" pin="17" pinfunction="Pin_17" pintype="passive"/>
      <node ref="J9" pin="14" pinfunction="Pin_14" pintype="passive"/>
      <node ref="U1" pin="10" pinfunction="GPIO7" pintype="bidirectional"/>
    </net>
    <net code="5" name="2P">
      <node ref="J3" pin="12" pinfunction="Pin_12" pintype="passive"/>
      <node ref="J9" pin="9" pinfunction="Pin_9" pintype="passive"/>
      <node ref="U1" pin="15" pinfunction="GPIO11" pintype="bidirectional"/>
    </net>
    <net code="6" name="3K">
      <node ref="J3" pin="18" pinfunction="Pin_18" pintype="passive"/>
      <node ref="J9" pin="15" pinfunction="Pin_15" pintype="passive"/>
      <node ref="U1" pin="11" pinfunction="GPIO8" pintype="bidirectional"/>
    </net>
    <net code="7" name="3P">
      <node ref="J3" pin="13" pinfunction="Pin_13" pintype="passive"/>
      <node ref="J9" pin="10" pinfunction="Pin_10" pintype="passive"/>
      <node ref="U1" pin="16" pinfunction="GPIO12" pintype="bidirectional"/>
    </net>
    <net code="8" name="4K">
      <node ref="J3" pin="19" pinfunction="Pin_19" pintype="passive"/>
      <node ref="J9" pin="16" pinfunction="Pin_16" pintype="passive"/>
      <node ref="U1" pin="12" pinfunction="GPIO9" pintype="bidirectional"/>
    </net>
    <net code="9" name="4P">
      <node ref="J3" pin="14" pinfunction="Pin_14" pintype="passive"/>
      <node ref="J9" pin="11" pinfunction="Pin_11" pintype="passive"/>
      <node ref="U1" pin="17" pinfunction="GPIO13" pintype="bidirectional"/>
    </net>
    <net code="10" name="BOOT">
      <node ref="J10" pin="1" pinfunction="Pin_1" pintype="passive"/>
      <node ref="U1" pin="49" pinfunction="TP6" pintype="input"/>
    </net>
    <net code="11" name="D+">
      <node ref="J6" pin="3" pinfunction="Pin_3" pintype="passive"/>
      <node ref="U1" pin="46" pinfunction="TP3" pintype="input"/>
    </net>
    <net code="12" name="D-">
      <node ref="J6" pin="2" pinfunction="Pin_2" pintype="passive"/>
      <node ref="U1" pin="45" pinfunction="TP2" pintype="input"/>
    </net>
    <net code="13" name="DOWN">
      <node ref="J3" pin="2" pinfunction="Pin_2" pintype="passive"/>
      <node ref="J9" pin="2" pinfunction="Pin_2" pintype="passive"/>
      <node ref="U1" pin="5" pinfunction="GPIO3" pintype="bidirectional"/>
    </net>
    <net code="14" name="GND">
      <node ref="J3" pin="15" pinfunction="Pin_15" pintype="passive"/>
      <node ref="J3" pin="20" pinfunction="Pin_20" pintype="passive"/>
      <node ref="J3" pin="6" pinfunction="Pin_6" pintype="passive"/>
      <node ref="J3" pin="7" pinfunction="Pin_7" pintype="passive"/>
      <node ref="J4" pin="4" pinfunction="Pin_4" pintype="passive"/>
      <node ref="J6" pin="4" pinfunction="Pin_4" pintype="passive"/>
      <node ref="J9" pin="12" pinfunction="Pin_12" pintype="passive"/>
      <node ref="J9" pin="17" pinfunction="Pin_17" pintype="passive"/>
      <node ref="J9" pin="18" pinfunction="Pin_18" pintype="passive"/>
      <node ref="U1" pin="13" pinfunction="GND" pintype="power_in"/>
      <node ref="U1" pin="18" pinfunction="GND" pintype="power_in"/>
      <node ref="U1" pin="23" pinfunction="GND" pintype="power_in"/>
      <node ref="U1" pin="28" pinfunction="GND" pintype="power_in"/>
      <node ref="U1" pin="3" pinfunction="GND" pintype="power_in"/>
      <node ref="U1" pin="38" pinfunction="GND" pintype="bidirectional"/>
      <node ref="U1" pin="42" pinfunction="GND" pintype="power_in"/>
      <node ref="U1" pin="44" pinfunction="TP1" pintype="input"/>
      <node ref="U1" pin="8" pinfunction="GND" pintype="power_in"/>
    </net>
    <net code="15" name="HOME">
      <node ref="J3" pin="8" pinfunction="Pin_8" pintype="passive"/>
      <node ref="J9" pin="6" pinfunction="Pin_6" pintype="passive"/>
      <node ref="U1" pin="26" pinfunction="GPIO20" pintype="bidirectional"/>
    </net>
    <net code="16" name="L3">
      <node ref="J4" pin="2" pinfunction="Pin_2" pintype="passive"/>
      <node ref="U1" pin="24" pinfunction="GPIO18" pintype="bidirectional"/>
    </net>
    <net code="17" name="LEFT">
      <node ref="J3" pin="4" pinfunction="Pin_4" pintype="passive"/>
      <node ref="J9" pin="4" pinfunction="Pin_4" pintype="passive"/>
      <node ref="U1" pin="7" pinfunction="GPIO5" pintype="bidirectional"/>
    </net>
    <net code="18" name="R3">
      <node ref="J4" pin="3" pinfunction="Pin_3" pintype="passive"/>
      <node ref="U1" pin="25" pinfunction="GPIO19" pintype="bidirectional"/>
    </net>
    <net code="19" name="RESET">
      <node ref="J10" pin="2" pinfunction="Pin_2" pintype="passive"/>
      <node ref="U1" pin="30" pinfunction="RUN" pintype="input"/>
    </net>
    <net code="20" name="RGB DATA">
      <node ref="J10" pin="3" pinfunction="Pin_3" pintype="passive"/>
      <node ref="U1" pin="1" pinfunction="GPIO0" pintype="bidirectional"/>
    </net>
    <net code="21" name="RIGHT">
      <node ref="J3" pin="5" pinfunction="Pin_5" pintype="passive"/>
      <node ref="J9" pin="3" pinfunction="Pin_3" pintype="passive"/>
      <node ref="U1" pin="6" pinfunction="GPIO4" pintype="bidirectional"/>
    </net>
    <net code="22" name="SELECT">
      <node ref="J3" pin="9" pinfunction="Pin_9" pintype="passive"/>
      <node ref="J9" pin="5" pinfunction="Pin_5" pintype="passive"/>
      <node ref="U1" pin="21" pinfunction="GPIO16" pintype="bidirectional"/>
    </net>
    <net code="23" name="START">
      <node ref="J3" pin="10" pinfunction="Pin_10" pintype="passive"/>
      <node ref="J9" pin="7" pinfunction="Pin_7" pintype="passive"/>
      <node ref="U1" pin="22" pinfunction="GPIO17" pintype="bidirectional"/>
    </net>
    <net code="24" name="TP">
      <node ref="J4" pin="1" pinfunction="Pin_1" pintype="passive"/>
      <node ref="U1" pin="27" pinfunction="GPIO21" pintype="bidirectional"/>
    </net>
    <net code="25" name="UP">
      <node ref="J3" pin="3" pinfunction="Pin_3" pintype="passive"/>
      <node ref="J9" pin="1" pinfunction="Pin_1" pintype="passive"/>
      <node ref="U1" pin="4" pinfunction="GPIO2" pintype="bidirectional"/>
    </net>
    <net code="26" name="unconnected-(J2-Pad1)">
      <node ref="J2" pin="1" pinfunction="Pin_1" pintype="passive+no_connect"/>
    </net>
    <net code="27" name="unconnected-(J2-Pad2)">
      <node ref="J2" pin="2" pinfunction="Pin_2" pintype="passive+no_connect"/>
    </net>
    <net code="28" name="unconnected-(J2-Pad3)">
      <node ref="J2" pin="3" pinfunction="Pin_3" pintype="passive+no_connect"/>
    </net>
    <net code="29" name="unconnected-(J2-Pad4)">
      <node ref="J2" pin="4" pinfunction="Pin_4" pintype="passive+no_connect"/>
    </net>
    <net code="30" name="unconnected-(J2-Pad5)">
      <node ref="J2" pin="5" pinfunction="Pin_5" pintype="passive+no_connect"/>
    </net>
    <net code="31" name="unconnected-(J5-Pad1)">
      <node ref="J5" pin="1" pinfunction="Pin_1" pintype="passive+no_connect"/>
    </net>
    <net code="32" name="unconnected-(J5-Pad2)">
      <node ref="J5" pin="2" pinfunction="Pin_2" pintype="passive+no_connect"/>
    </net>
    <net code="33" name="unconnected-(J5-Pad3)">
      <node ref="J5" pin="3" pinfunction="Pin_3" pintype="passive+no_connect"/>
    </net>
    <net code="34" name="unconnected-(J5-Pad4)">
      <node ref="J5" pin="4" pinfunction="Pin_4" pintype="passive+no_connect"/>
    </net>
    <net code="35" name="unconnected-(J5-Pad5)">
      <node ref="J5" pin="5" pinfunction="Pin_5" pintype="passive+no_connect"/>
    </net>
    <net code="36" name="unconnected-(J7-Pad1)">
      <node ref="J7" pin="1" pinfunction="Pin_1" pintype="passive+no_connect"/>
    </net>
    <net code="37" name="unconnected-(J7-Pad2)">
      <node ref="J7" pin="2" pinfunction="Pin_2" pintype="passive+no_connect"/>
    </net>
    <net code="38" name="unconnected-(J7-Pad3)">
      <node ref="J7" pin="3" pinfunction="Pin_3" pintype="passive+no_connect"/>
    </net>
    <net code="39" name="unconnected-(J7-Pad4)">
      <node ref="J7" pin="4" pinfunction="Pin_4" pintype="passive+no_connect"/>
    </net>
    <net code="40" name="unconnected-(J8-Pad1)">
      <node ref="J8" pin="1" pinfunction="Pin_1" pintype="passive+no_connect"/>
    </net>
    <net code="41" name="unconnected-(J8-Pad2)">
      <node ref="J8" pin="2" pinfunction="Pin_2" pintype="passive+no_connect"/>
    </net>
    <net code="42" name="unconnected-(J8-Pad3)">
      <node ref="J8" pin="3" pinfunction="Pin_3" pintype="passive+no_connect"/>
    </net>
    <net code="43" name="unconnected-(J8-Pad4)">
      <node ref="J8" pin="4" pinfunction="Pin_4" pintype="passive+no_connect"/>
    </net>
    <net code="44" name="unconnected-(U1-Pad2)">
      <node ref="U1" pin="2" pinfunction="GPIO1" pintype="bidirectional+no_connect"/>
    </net>
    <net code="45" name="unconnected-(U1-Pad19)">
      <node ref="U1" pin="19" pinfunction="GPIO14" pintype="bidirectional+no_connect"/>
    </net>
    <net code="46" name="unconnected-(U1-Pad20)">
      <node ref="U1" pin="20" pinfunction="GPIO15" pintype="bidirectional+no_connect"/>
    </net>
    <net code="47" name="unconnected-(U1-Pad29)">
      <node ref="U1" pin="29" pinfunction="GPIO22" pintype="bidirectional+no_connect"/>
    </net>
    <net code="48" name="unconnected-(U1-Pad31)">
      <node ref="U1" pin="31" pinfunction="GPIO26_ADC0" pintype="bidirectional+no_connect"/>
    </net>
    <net code="49" name="unconnected-(U1-Pad32)">
      <node ref="U1" pin="32" pinfunction="GPIO27_ADC1" pintype="bidirectional+no_connect"/>
    </net>
    <net code="50" name="unconnected-(U1-Pad33)">
      <node ref="U1" pin="33" pinfunction="AGND" pintype="power_in+no_connect"/>
    </net>
    <net code="51" name="unconnected-(U1-Pad34)">
      <node ref="U1" pin="34" pinfunction="GPIO28_ADC2" pintype="bidirectional+no_connect"/>
    </net>
    <net code="52" name="unconnected-(U1-Pad35)">
      <node ref="U1" pin="35" pinfunction="ADC_VREF" pintype="power_in+no_connect"/>
    </net>
    <net code="53" name="unconnected-(U1-Pad36)">
      <node ref="U1" pin="36" pinfunction="3V3" pintype="power_in"/>
    </net>
    <net code="54" name="unconnected-(U1-Pad37)">
      <node ref="U1" pin="37" pinfunction="3V3_EN" pintype="input+no_connect"/>
    </net>
    <net code="55" name="unconnected-(U1-Pad39)">
      <node ref="U1" pin="39" pinfunction="VSYS" pintype="power_in+no_connect"/>
    </net>
    <net code="56" name="unconnected-(U1-Pad41)">
      <node ref="U1" pin="41" pinfunction="SWCLK" pintype="input+no_connect"/>
    </net>
    <net code="57" name="unconnected-(U1-Pad43)">
      <node ref="U1" pin="43" pinfunction="SWDIO" pintype="bidirectional+no_connect"/>
    </net>
    <net code="58" name="unconnected-(U1-Pad47)">
      <node ref="U1" pin="47" pinfunction="TP4" pintype="input+no_connect"/>
    </net>
    <net code="59" name="unconnected-(U1-Pad48)">
      <node ref="U1" pin="48" pinfunction="TP5" pintype="input+no_connect"/>
    </net>
  </nets>
</export>
