<?xml version="1.0" encoding="UTF-8"?>
<export version="E">
  <design>
    <source>/home/kevinnguyen/Documents/rp2040-brook /baremetal/kicad/rp2040-brook-.kicad_sch</source>
    <date>Sun 31 Jul 2022 09:38:12 MST</date>
    <tool>Eeschema (6.0.6)</tool>
    <sheet number="1" name="/" tstamps="/">
      <title_block>
        <title/>
        <company/>
        <rev/>
        <date/>
        <source>rp2040-brook-.kicad_sch</source>
        <comment number="1" value=""/>
        <comment number="2" value=""/>
        <comment number="3" value=""/>
        <comment number="4" value=""/>
        <comment number="5" value=""/>
        <comment number="6" value=""/>
        <comment number="7" value=""/>
        <comment number="8" value=""/>
        <comment number="9" value=""/>
      </title_block>
    </sheet>
  </design>
  <components>
    <comp ref="C1">
      <value>1u</value>
      <footprint>Capacitor_SMD:C_0402_1005Metric</footprint>
      <fields>
        <field name="LCSC">C52923</field>
      </fields>
      <libsource lib="Device" part="C_Small" description="Unpolarized capacitor, small symbol"/>
      <property name="LCSC" value="C52923"/>
      <property name="Sheetname" value=""/>
      <property name="Sheetfile" value="rp2040-brook-.kicad_sch"/>
      <sheetpath names="/" tstamps="/"/>
      <tstamps>00000000-0000-0000-0000-00005f09255d</tstamps>
    </comp>
    <comp ref="C2">
      <value>30p</value>
      <footprint>Capacitor_SMD:C_0402_1005Metric</footprint>
      <fields>
        <field name="LCSC">C1570</field>
      </fields>
      <libsource lib="Device" part="C_Small" description="Unpolarized capacitor, small symbol"/>
      <property name="LCSC" value="C1570"/>
      <property name="Sheetname" value=""/>
      <property name="Sheetfile" value="rp2040-brook-.kicad_sch"/>
      <sheetpath names="/" tstamps="/"/>
      <tstamps>00000000-0000-0000-0000-0000612a17e7</tstamps>
    </comp>
    <comp ref="C3">
      <value>30p</value>
      <footprint>Capacitor_SMD:C_0402_1005Metric</footprint>
      <fields>
        <field name="LCSC">C1570</field>
      </fields>
      <libsource lib="Device" part="C_Small" description="Unpolarized capacitor, small symbol"/>
      <property name="LCSC" value="C1570"/>
      <property name="Sheetname" value=""/>
      <property name="Sheetfile" value="rp2040-brook-.kicad_sch"/>
      <sheetpath names="/" tstamps="/"/>
      <tstamps>00000000-0000-0000-0000-0000612a00a6</tstamps>
    </comp>
    <comp ref="C4">
      <value>1u</value>
      <footprint>Capacitor_SMD:C_0402_1005Metric</footprint>
      <fields>
        <field name="LCSC">C52923</field>
      </fields>
      <libsource lib="Device" part="C_Small" description="Unpolarized capacitor, small symbol"/>
      <property name="LCSC" value="C52923"/>
      <property name="Sheetname" value=""/>
      <property name="Sheetfile" value="rp2040-brook-.kicad_sch"/>
      <sheetpath names="/" tstamps="/"/>
      <tstamps>00000000-0000-0000-0000-00005f0930a1</tstamps>
    </comp>
    <comp ref="C5">
      <value>100n</value>
      <footprint>Capacitor_SMD:C_0402_1005Metric</footprint>
      <fields>
        <field name="LCSC">C1525</field>
      </fields>
      <libsource lib="Device" part="C_Small" description="Unpolarized capacitor, small symbol"/>
      <property name="LCSC" value="C1525"/>
      <property name="Sheetname" value=""/>
      <property name="Sheetfile" value="rp2040-brook-.kicad_sch"/>
      <sheetpath names="/" tstamps="/"/>
      <tstamps>00000000-0000-0000-0000-00005edb1aa1</tstamps>
    </comp>
    <comp ref="C6">
      <value>100n</value>
      <footprint>Capacitor_SMD:C_0402_1005Metric</footprint>
      <fields>
        <field name="LCSC">C1525</field>
      </fields>
      <libsource lib="Device" part="C_Small" description="Unpolarized capacitor, small symbol"/>
      <property name="LCSC" value="C1525"/>
      <property name="Sheetname" value=""/>
      <property name="Sheetfile" value="rp2040-brook-.kicad_sch"/>
      <sheetpath names="/" tstamps="/"/>
      <tstamps>00000000-0000-0000-0000-00005ef00505</tstamps>
    </comp>
    <comp ref="C7">
      <value>100n</value>
      <footprint>Capacitor_SMD:C_0402_1005Metric</footprint>
      <fields>
        <field name="LCSC">C1525</field>
      </fields>
      <libsource lib="Device" part="C_Small" description="Unpolarized capacitor, small symbol"/>
      <property name="LCSC" value="C1525"/>
      <property name="Sheetname" value=""/>
      <property name="Sheetfile" value="rp2040-brook-.kicad_sch"/>
      <sheetpath names="/" tstamps="/"/>
      <tstamps>00000000-0000-0000-0000-00005ef0050f</tstamps>
    </comp>
    <comp ref="C8">
      <value>1u</value>
      <footprint>Capacitor_SMD:C_0402_1005Metric</footprint>
      <fields>
        <field name="LCSC">C52923</field>
      </fields>
      <libsource lib="Device" part="C_Small" description="Unpolarized capacitor, small symbol"/>
      <property name="LCSC" value="C52923"/>
      <property name="Sheetname" value=""/>
      <property name="Sheetfile" value="rp2040-brook-.kicad_sch"/>
      <sheetpath names="/" tstamps="/"/>
      <tstamps>00000000-0000-0000-0000-00005ef07987</tstamps>
    </comp>
    <comp ref="C9">
      <value>100n</value>
      <footprint>Capacitor_SMD:C_0402_1005Metric</footprint>
      <fields>
        <field name="LCSC">C1525</field>
      </fields>
      <libsource lib="Device" part="C_Small" description="Unpolarized capacitor, small symbol"/>
      <property name="LCSC" value="C1525"/>
      <property name="Sheetname" value=""/>
      <property name="Sheetfile" value="rp2040-brook-.kicad_sch"/>
      <sheetpath names="/" tstamps="/"/>
      <tstamps>00000000-0000-0000-0000-00005eeee897</tstamps>
    </comp>
    <comp ref="C10">
      <value>1u</value>
      <footprint>Capacitor_SMD:C_0402_1005Metric</footprint>
      <fields>
        <field name="LCSC">C52923</field>
      </fields>
      <libsource lib="Device" part="C_Small" description="Unpolarized capacitor, small symbol"/>
      <property name="LCSC" value="C52923"/>
      <property name="Sheetname" value=""/>
      <property name="Sheetfile" value="rp2040-brook-.kicad_sch"/>
      <sheetpath names="/" tstamps="/"/>
      <tstamps>00000000-0000-0000-0000-00005ef08170</tstamps>
    </comp>
    <comp ref="C11">
      <value>100n</value>
      <footprint>Capacitor_SMD:C_0402_1005Metric</footprint>
      <fields>
        <field name="LCSC">C1525</field>
      </fields>
      <libsource lib="Device" part="C_Small" description="Unpolarized capacitor, small symbol"/>
      <property name="LCSC" value="C1525"/>
      <property name="Sheetname" value=""/>
      <property name="Sheetfile" value="rp2040-brook-.kicad_sch"/>
      <sheetpath names="/" tstamps="/"/>
      <tstamps>00000000-0000-0000-0000-00005eef00bb</tstamps>
    </comp>
    <comp ref="C12">
      <value>100n</value>
      <footprint>Capacitor_SMD:C_0402_1005Metric</footprint>
      <fields>
        <field name="LCSC">C1525</field>
      </fields>
      <libsource lib="Device" part="C_Small" description="Unpolarized capacitor, small symbol"/>
      <property name="LCSC" value="C1525"/>
      <property name="Sheetname" value=""/>
      <property name="Sheetfile" value="rp2040-brook-.kicad_sch"/>
      <sheetpath names="/" tstamps="/"/>
      <tstamps>00000000-0000-0000-0000-00005eef0473</tstamps>
    </comp>
    <comp ref="C13">
      <value>100n</value>
      <footprint>Capacitor_SMD:C_0402_1005Metric</footprint>
      <fields>
        <field name="LCSC">C1525</field>
      </fields>
      <libsource lib="Device" part="C_Small" description="Unpolarized capacitor, small symbol"/>
      <property name="LCSC" value="C1525"/>
      <property name="Sheetname" value=""/>
      <property name="Sheetfile" value="rp2040-brook-.kicad_sch"/>
      <sheetpath names="/" tstamps="/"/>
      <tstamps>00000000-0000-0000-0000-00005eef0994</tstamps>
    </comp>
    <comp ref="C14">
      <value>100n</value>
      <footprint>Capacitor_SMD:C_0402_1005Metric</footprint>
      <fields>
        <field name="LCSC">C1525</field>
      </fields>
      <libsource lib="Device" part="C_Small" description="Unpolarized capacitor, small symbol"/>
      <property name="LCSC" value="C1525"/>
      <property name="Sheetname" value=""/>
      <property name="Sheetfile" value="rp2040-brook-.kicad_sch"/>
      <sheetpath names="/" tstamps="/"/>
      <tstamps>00000000-0000-0000-0000-00005eef89b3</tstamps>
    </comp>
    <comp ref="C15">
      <value>100n</value>
      <footprint>Capacitor_SMD:C_0402_1005Metric</footprint>
      <fields>
        <field name="LCSC">C1525</field>
      </fields>
      <libsource lib="Device" part="C_Small" description="Unpolarized capacitor, small symbol"/>
      <property name="LCSC" value="C1525"/>
      <property name="Sheetname" value=""/>
      <property name="Sheetfile" value="rp2040-brook-.kicad_sch"/>
      <sheetpath names="/" tstamps="/"/>
      <tstamps>00000000-0000-0000-0000-00005eef89bd</tstamps>
    </comp>
    <comp ref="C16">
      <value>100n</value>
      <footprint>Capacitor_SMD:C_0402_1005Metric</footprint>
      <fields>
        <field name="LCSC">C1525</field>
      </fields>
      <libsource lib="Device" part="C_Small" description="Unpolarized capacitor, small symbol"/>
      <property name="LCSC" value="C1525"/>
      <property name="Sheetname" value=""/>
      <property name="Sheetfile" value="rp2040-brook-.kicad_sch"/>
      <sheetpath names="/" tstamps="/"/>
      <tstamps>00000000-0000-0000-0000-00005eef89c7</tstamps>
    </comp>
    <comp ref="H1">
      <value>MountingHole</value>
      <footprint>MountingHole:MountingHole_3.2mm_M3</footprint>
      <libsource lib="Mechanical" part="MountingHole" description="Mounting Hole without connection"/>
      <property name="Sheetname" value=""/>
      <property name="Sheetfile" value="rp2040-brook-.kicad_sch"/>
      <sheetpath names="/" tstamps="/"/>
      <tstamps>315ac4b0-8d51-48e9-b884-40eb8dbe0184</tstamps>
    </comp>
    <comp ref="H2">
      <value>MountingHole</value>
      <footprint>MountingHole:MountingHole_3.2mm_M3</footprint>
      <libsource lib="Mechanical" part="MountingHole" description="Mounting Hole without connection"/>
      <property name="Sheetname" value=""/>
      <property name="Sheetfile" value="rp2040-brook-.kicad_sch"/>
      <sheetpath names="/" tstamps="/"/>
      <tstamps>d62994ea-53ed-4070-9a5f-47d47d784a07</tstamps>
    </comp>
    <comp ref="H3">
      <value>MountingHole</value>
      <footprint>MountingHole:MountingHole_3.2mm_M3</footprint>
      <libsource lib="Mechanical" part="MountingHole" description="Mounting Hole without connection"/>
      <property name="Sheetname" value=""/>
      <property name="Sheetfile" value="rp2040-brook-.kicad_sch"/>
      <sheetpath names="/" tstamps="/"/>
      <tstamps>e824d90a-9557-4695-a449-7d5fbe79f506</tstamps>
    </comp>
    <comp ref="H4">
      <value>MountingHole</value>
      <footprint>MountingHole:MountingHole_3.2mm_M3</footprint>
      <libsource lib="Mechanical" part="MountingHole" description="Mounting Hole without connection"/>
      <property name="Sheetname" value=""/>
      <property name="Sheetfile" value="rp2040-brook-.kicad_sch"/>
      <sheetpath names="/" tstamps="/"/>
      <tstamps>7d54a92f-eb43-47ac-b88c-393fdcd469e4</tstamps>
    </comp>
    <comp ref="J1">
      <value>Conn_01x02_Female</value>
      <footprint>Connector_PinHeader_2.54mm:PinHeader_1x03_P2.54mm_Vertical</footprint>
      <libsource lib="Connector" part="Conn_01x03_Male" description="Generic connector, single row, 01x03, script generated (kicad-library-utils/schlib/autogen/connector/)"/>
      <property name="Sheetname" value=""/>
      <property name="Sheetfile" value="rp2040-brook-.kicad_sch"/>
      <sheetpath names="/" tstamps="/"/>
      <tstamps>c7b2fe8c-40bd-4bfe-8049-eaa5524d7ed8</tstamps>
    </comp>
    <comp ref="J2">
      <value>Conn_01x05_Female</value>
      <footprint>Connector_PinSocket_2.00mm:PinSocket_1x05_P2.00mm_Vertical</footprint>
      <libsource lib="Connector" part="Conn_01x05_Female" description="Generic connector, single row, 01x05, script generated (kicad-library-utils/schlib/autogen/connector/)"/>
      <property name="Sheetname" value=""/>
      <property name="Sheetfile" value="rp2040-brook-.kicad_sch"/>
      <sheetpath names="/" tstamps="/"/>
      <tstamps>d06f188b-283c-4efe-99a0-9fd41753d38a</tstamps>
    </comp>
    <comp ref="J3">
      <value>Screw_Terminal_01x20</value>
      <footprint>Connector_Wago:Wago_734-150_1x20_P3.50mm_Vertical</footprint>
      <libsource lib="Connector" part="Screw_Terminal_01x20" description="Generic screw terminal, single row, 01x20, script generated (kicad-library-utils/schlib/autogen/connector/)"/>
      <property name="Sheetname" value=""/>
      <property name="Sheetfile" value="rp2040-brook-.kicad_sch"/>
      <sheetpath names="/" tstamps="/"/>
      <tstamps>d18c544f-661a-495a-9d4f-ca9214eda290</tstamps>
    </comp>
    <comp ref="J4">
      <value>Conn_01x04_Female</value>
      <footprint>Connector_PinSocket_2.00mm:PinSocket_1x04_P2.00mm_Vertical</footprint>
      <libsource lib="Connector" part="Conn_01x04_Female" description="Generic connector, single row, 01x04, script generated (kicad-library-utils/schlib/autogen/connector/)"/>
      <property name="Sheetname" value=""/>
      <property name="Sheetfile" value="rp2040-brook-.kicad_sch"/>
      <sheetpath names="/" tstamps="/"/>
      <tstamps>bb33103c-679b-481b-9e23-9f0e181813a3</tstamps>
    </comp>
    <comp ref="J5">
      <value>Conn_01x05_Female</value>
      <footprint>Connector_PinSocket_2.00mm:PinSocket_1x05_P2.00mm_Vertical</footprint>
      <libsource lib="Connector" part="Conn_01x05_Female" description="Generic connector, single row, 01x05, script generated (kicad-library-utils/schlib/autogen/connector/)"/>
      <property name="Sheetname" value=""/>
      <property name="Sheetfile" value="rp2040-brook-.kicad_sch"/>
      <sheetpath names="/" tstamps="/"/>
      <tstamps>22309ee8-77ff-46dc-895a-063470b0e77d</tstamps>
    </comp>
    <comp ref="J6">
      <value>Conn_01x04_Female</value>
      <footprint>Connector_PinSocket_2.54mm:PinSocket_1x04_P2.54mm_Vertical</footprint>
      <libsource lib="Connector" part="Conn_01x04_Female" description="Generic connector, single row, 01x04, script generated (kicad-library-utils/schlib/autogen/connector/)"/>
      <property name="Sheetname" value=""/>
      <property name="Sheetfile" value="rp2040-brook-.kicad_sch"/>
      <sheetpath names="/" tstamps="/"/>
      <tstamps>a220aa7e-8cad-45f5-a4bc-72eb7d34202c</tstamps>
    </comp>
    <comp ref="J7">
      <value>Conn_01x04_Female</value>
      <footprint>Connector_PinSocket_2.54mm:PinSocket_1x04_P2.54mm_Vertical</footprint>
      <libsource lib="Connector" part="Conn_01x04_Female" description="Generic connector, single row, 01x04, script generated (kicad-library-utils/schlib/autogen/connector/)"/>
      <property name="Sheetname" value=""/>
      <property name="Sheetfile" value="rp2040-brook-.kicad_sch"/>
      <sheetpath names="/" tstamps="/"/>
      <tstamps>7756e75b-3c9f-4211-8dc9-63152038fe8e</tstamps>
    </comp>
    <comp ref="J8">
      <value>Conn_01x04_Female</value>
      <footprint>Connector_PinSocket_2.00mm:PinSocket_1x04_P2.00mm_Vertical</footprint>
      <libsource lib="Connector" part="Conn_01x04_Female" description="Generic connector, single row, 01x04, script generated (kicad-library-utils/schlib/autogen/connector/)"/>
      <property name="Sheetname" value=""/>
      <property name="Sheetfile" value="rp2040-brook-.kicad_sch"/>
      <sheetpath names="/" tstamps="/"/>
      <tstamps>e798c3ab-f790-4b7e-8b9c-2932136302a9</tstamps>
    </comp>
    <comp ref="J9">
      <value>Conn_02x10_Odd_Even</value>
      <footprint>Connector_PinSocket_2.54mm:PinSocket_2x10_P2.54mm_Vertical</footprint>
      <libsource lib="Connector_Generic" part="Conn_02x10_Odd_Even" description="Generic connector, double row, 02x10, odd/even pin numbering scheme (row 1 odd numbers, row 2 even numbers), script generated (kicad-library-utils/schlib/autogen/connector/)"/>
      <property name="Sheetname" value=""/>
      <property name="Sheetfile" value="rp2040-brook-.kicad_sch"/>
      <sheetpath names="/" tstamps="/"/>
      <tstamps>6f256b46-7361-481a-95bc-dad296d3dc2f</tstamps>
    </comp>
    <comp ref="R1">
      <value>1k</value>
      <footprint>Resistor_SMD:R_0402_1005Metric</footprint>
      <fields>
        <field name="LCSC">C11702</field>
      </fields>
      <libsource lib="Device" part="R_Small" description="Resistor, small symbol"/>
      <property name="LCSC" value="C11702"/>
      <property name="Sheetname" value=""/>
      <property name="Sheetfile" value="rp2040-brook-.kicad_sch"/>
      <sheetpath names="/" tstamps="/"/>
      <tstamps>00000000-0000-0000-0000-00005edae9f0</tstamps>
    </comp>
    <comp ref="R2">
      <value>10k</value>
      <footprint>Resistor_SMD:R_0402_1005Metric</footprint>
      <fields>
        <field name="LCSC">C25744</field>
      </fields>
      <libsource lib="Device" part="R_Small" description="Resistor, small symbol"/>
      <property name="LCSC" value="C25744"/>
      <property name="Sheetname" value=""/>
      <property name="Sheetfile" value="rp2040-brook-.kicad_sch"/>
      <sheetpath names="/" tstamps="/"/>
      <tstamps>00000000-0000-0000-0000-00005edac067</tstamps>
    </comp>
    <comp ref="R3">
      <value>27</value>
      <footprint>Resistor_SMD:R_0402_1005Metric</footprint>
      <fields>
        <field name="LCSC">C138021</field>
      </fields>
      <libsource lib="Device" part="R_Small" description="Resistor, small symbol"/>
      <property name="LCSC" value="C138021"/>
      <property name="Sheetname" value=""/>
      <property name="Sheetfile" value="rp2040-brook-.kicad_sch"/>
      <sheetpath names="/" tstamps="/"/>
      <tstamps>00000000-0000-0000-0000-00005ede0881</tstamps>
    </comp>
    <comp ref="R4">
      <value>27</value>
      <footprint>Resistor_SMD:R_0402_1005Metric</footprint>
      <fields>
        <field name="LCSC">C138021</field>
      </fields>
      <libsource lib="Device" part="R_Small" description="Resistor, small symbol"/>
      <property name="LCSC" value="C138021"/>
      <property name="Sheetname" value=""/>
      <property name="Sheetfile" value="rp2040-brook-.kicad_sch"/>
      <sheetpath names="/" tstamps="/"/>
      <tstamps>00000000-0000-0000-0000-00005ede1624</tstamps>
    </comp>
    <comp ref="R5">
      <value>1k</value>
      <footprint>Resistor_SMD:R_0402_1005Metric</footprint>
      <fields>
        <field name="LCSC">C11702</field>
      </fields>
      <libsource lib="Device" part="R_Small" description="Resistor, small symbol"/>
      <property name="LCSC" value="C11702"/>
      <property name="Sheetname" value=""/>
      <property name="Sheetfile" value="rp2040-brook-.kicad_sch"/>
      <sheetpath names="/" tstamps="/"/>
      <tstamps>00000000-0000-0000-0000-00005f0d8ebf</tstamps>
    </comp>
    <comp ref="R6">
      <value>5.1k</value>
      <footprint>Resistor_SMD:R_0402_1005Metric</footprint>
      <fields>
        <field name="LCSC">C25905</field>
      </fields>
      <libsource lib="Device" part="R_Small" description="Resistor, small symbol"/>
      <property name="LCSC" value="C25905"/>
      <property name="Sheetname" value=""/>
      <property name="Sheetfile" value="rp2040-brook-.kicad_sch"/>
      <sheetpath names="/" tstamps="/"/>
      <tstamps>00000000-0000-0000-0000-000060e7aa8d</tstamps>
    </comp>
    <comp ref="R7">
      <value>5.1k</value>
      <footprint>Resistor_SMD:R_0402_1005Metric</footprint>
      <fields>
        <field name="LCSC">C25905</field>
      </fields>
      <libsource lib="Device" part="R_Small" description="Resistor, small symbol"/>
      <property name="LCSC" value="C25905"/>
      <property name="Sheetname" value=""/>
      <property name="Sheetfile" value="rp2040-brook-.kicad_sch"/>
      <sheetpath names="/" tstamps="/"/>
      <tstamps>00000000-0000-0000-0000-000060e7dc12</tstamps>
    </comp>
    <comp ref="SW19">
      <value>SW_Push</value>
      <footprint>Button_Switch_SMD:SW_SPST_Omron_B3FS-100xP</footprint>
      <fields>
        <field name="LCSC">C271750</field>
      </fields>
      <libsource lib="Switch" part="SW_Push" description="Push button switch, generic, two pins"/>
      <property name="LCSC" value="C271750"/>
      <property name="Sheetname" value=""/>
      <property name="Sheetfile" value="rp2040-brook-.kicad_sch"/>
      <sheetpath names="/" tstamps="/"/>
      <tstamps>00000000-0000-0000-0000-0000612d3872</tstamps>
    </comp>
    <comp ref="SW20">
      <value>SW_Push</value>
      <footprint>Button_Switch_SMD:SW_SPST_Omron_B3FS-100xP</footprint>
      <fields>
        <field name="LCSC">C271750</field>
      </fields>
      <libsource lib="Switch" part="SW_Push" description="Push button switch, generic, two pins"/>
      <property name="LCSC" value="C271750"/>
      <property name="Sheetname" value=""/>
      <property name="Sheetfile" value="rp2040-brook-.kicad_sch"/>
      <sheetpath names="/" tstamps="/"/>
      <tstamps>00000000-0000-0000-0000-0000612ef3b6</tstamps>
    </comp>
    <comp ref="U1">
      <value>TLV73333PDBV</value>
      <footprint>Package_TO_SOT_SMD:SOT-23-5</footprint>
      <datasheet>http://www.ti.com/lit/ds/symlink/tlv733p.pdf</datasheet>
      <fields>
        <field name="LCSC">C134139</field>
      </fields>
      <libsource lib="Regulator_Linear" part="TLV73333PDBV" description="300mA Capacitor-Free Low Dropout Voltage Regulator, Fixed Output 3.3V, SOT-23-5"/>
      <property name="LCSC" value="C134139"/>
      <property name="Sheetname" value=""/>
      <property name="Sheetfile" value="rp2040-brook-.kicad_sch"/>
      <sheetpath names="/" tstamps="/"/>
      <tstamps>00000000-0000-0000-0000-00006125e8d0</tstamps>
    </comp>
    <comp ref="U2">
      <value>W25Q128JVS</value>
      <footprint>Package_SO:SOIC-8_5.23x5.23mm_P1.27mm</footprint>
      <datasheet>http://www.winbond.com/resource-files/w25q128jv_dtr%20revc%2003272018%20plus.pdf</datasheet>
      <fields>
        <field name="LCSC">C97521</field>
      </fields>
      <libsource lib="Memory_Flash" part="W25Q128JVS" description="128Mb Serial Flash Memory, Standard/Dual/Quad SPI, SOIC-8"/>
      <property name="LCSC" value="C97521"/>
      <property name="Sheetname" value=""/>
      <property name="Sheetfile" value="rp2040-brook-.kicad_sch"/>
      <sheetpath names="/" tstamps="/"/>
      <tstamps>00000000-0000-0000-0000-00005eda5f2c</tstamps>
    </comp>
    <comp ref="U3">
      <value>RP2040</value>
      <footprint>RP2040:RP2040-QFN-56</footprint>
      <fields>
        <field name="LCSC">C2040</field>
      </fields>
      <libsource lib="RP2040" part="RP2040" description=""/>
      <property name="LCSC" value="C2040"/>
      <property name="Sheetname" value=""/>
      <property name="Sheetfile" value="rp2040-brook-.kicad_sch"/>
      <sheetpath names="/" tstamps="/"/>
      <tstamps>00000000-0000-0000-0000-00005ed8f5d6</tstamps>
    </comp>
    <comp ref="USB1">
      <value>HRO-TYPE-C-31-M-12</value>
      <footprint>Type-C:HRO-TYPE-C-31-M-12-Assembly</footprint>
      <fields>
        <field name="LCSC">C165948</field>
      </fields>
      <libsource lib="Type-C" part="HRO-TYPE-C-31-M-12" description=""/>
      <property name="LCSC" value="C165948"/>
      <property name="Sheetname" value=""/>
      <property name="Sheetfile" value="rp2040-brook-.kicad_sch"/>
      <sheetpath names="/" tstamps="/"/>
      <tstamps>00000000-0000-0000-0000-000060e4daaf</tstamps>
    </comp>
    <comp ref="Y1">
      <value>Crystal_GND24</value>
      <footprint>Crystal:Crystal_SMD_3225-4Pin_3.2x2.5mm</footprint>
      <fields>
        <field name="LCSC">C9002</field>
      </fields>
      <libsource lib="Device" part="Crystal_GND24" description="Four pin crystal, GND on pins 2 and 4"/>
      <property name="LCSC" value="C9002"/>
      <property name="Sheetname" value=""/>
      <property name="Sheetfile" value="rp2040-brook-.kicad_sch"/>
      <sheetpath names="/" tstamps="/"/>
      <tstamps>00000000-0000-0000-0000-0000612721b6</tstamps>
    </comp>
  </components>
  <libparts>
    <libpart lib="Connector" part="Conn_01x03_Male">
      <description>Generic connector, single row, 01x03, script generated (kicad-library-utils/schlib/autogen/connector/)</description>
      <docs>~</docs>
      <footprints>
        <fp>Connector*:*_1x??_*</fp>
      </footprints>
      <fields>
        <field name="Reference">J</field>
        <field name="Value">Conn_01x03_Male</field>
        <field name="Datasheet">~</field>
      </fields>
      <pins>
        <pin num="1" name="Pin_1" type="passive"/>
        <pin num="2" name="Pin_2" type="passive"/>
        <pin num="3" name="Pin_3" type="passive"/>
      </pins>
    </libpart>
    <libpart lib="Connector" part="Conn_01x04_Female">
      <description>Generic connector, single row, 01x04, script generated (kicad-library-utils/schlib/autogen/connector/)</description>
      <docs>~</docs>
      <footprints>
        <fp>Connector*:*_1x??_*</fp>
      </footprints>
      <fields>
        <field name="Reference">J</field>
        <field name="Value">Conn_01x04_Female</field>
        <field name="Datasheet">~</field>
      </fields>
      <pins>
        <pin num="1" name="Pin_1" type="passive"/>
        <pin num="2" name="Pin_2" type="passive"/>
        <pin num="3" name="Pin_3" type="passive"/>
        <pin num="4" name="Pin_4" type="passive"/>
      </pins>
    </libpart>
    <libpart lib="Connector" part="Conn_01x05_Female">
      <description>Generic connector, single row, 01x05, script generated (kicad-library-utils/schlib/autogen/connector/)</description>
      <docs>~</docs>
      <footprints>
        <fp>Connector*:*_1x??_*</fp>
      </footprints>
      <fields>
        <field name="Reference">J</field>
        <field name="Value">Conn_01x05_Female</field>
        <field name="Datasheet">~</field>
      </fields>
      <pins>
        <pin num="1" name="Pin_1" type="passive"/>
        <pin num="2" name="Pin_2" type="passive"/>
        <pin num="3" name="Pin_3" type="passive"/>
        <pin num="4" name="Pin_4" type="passive"/>
        <pin num="5" name="Pin_5" type="passive"/>
      </pins>
    </libpart>
    <libpart lib="Connector" part="Screw_Terminal_01x20">
      <description>Generic screw terminal, single row, 01x20, script generated (kicad-library-utils/schlib/autogen/connector/)</description>
      <docs>~</docs>
      <footprints>
        <fp>TerminalBlock*:*</fp>
      </footprints>
      <fields>
        <field name="Reference">J</field>
        <field name="Value">Screw_Terminal_01x20</field>
        <field name="Datasheet">~</field>
      </fields>
      <pins>
        <pin num="1" name="Pin_1" type="passive"/>
        <pin num="2" name="Pin_2" type="passive"/>
        <pin num="3" name="Pin_3" type="passive"/>
        <pin num="4" name="Pin_4" type="passive"/>
        <pin num="5" name="Pin_5" type="passive"/>
        <pin num="6" name="Pin_6" type="passive"/>
        <pin num="7" name="Pin_7" type="passive"/>
        <pin num="8" name="Pin_8" type="passive"/>
        <pin num="9" name="Pin_9" type="passive"/>
        <pin num="10" name="Pin_10" type="passive"/>
        <pin num="11" name="Pin_11" type="passive"/>
        <pin num="12" name="Pin_12" type="passive"/>
        <pin num="13" name="Pin_13" type="passive"/>
        <pin num="14" name="Pin_14" type="passive"/>
        <pin num="15" name="Pin_15" type="passive"/>
        <pin num="16" name="Pin_16" type="passive"/>
        <pin num="17" name="Pin_17" type="passive"/>
        <pin num="18" name="Pin_18" type="passive"/>
        <pin num="19" name="Pin_19" type="passive"/>
        <pin num="20" name="Pin_20" type="passive"/>
      </pins>
    </libpart>
    <libpart lib="Connector_Generic" part="Conn_02x10_Odd_Even">
      <description>Generic connector, double row, 02x10, odd/even pin numbering scheme (row 1 odd numbers, row 2 even numbers), script generated (kicad-library-utils/schlib/autogen/connector/)</description>
      <docs>~</docs>
      <footprints>
        <fp>Connector*:*_2x??_*</fp>
      </footprints>
      <fields>
        <field name="Reference">J</field>
        <field name="Value">Conn_02x10_Odd_Even</field>
        <field name="Datasheet">~</field>
      </fields>
      <pins>
        <pin num="1" name="Pin_1" type="passive"/>
        <pin num="2" name="Pin_2" type="passive"/>
        <pin num="3" name="Pin_3" type="passive"/>
        <pin num="4" name="Pin_4" type="passive"/>
        <pin num="5" name="Pin_5" type="passive"/>
        <pin num="6" name="Pin_6" type="passive"/>
        <pin num="7" name="Pin_7" type="passive"/>
        <pin num="8" name="Pin_8" type="passive"/>
        <pin num="9" name="Pin_9" type="passive"/>
        <pin num="10" name="Pin_10" type="passive"/>
        <pin num="11" name="Pin_11" type="passive"/>
        <pin num="12" name="Pin_12" type="passive"/>
        <pin num="13" name="Pin_13" type="passive"/>
        <pin num="14" name="Pin_14" type="passive"/>
        <pin num="15" name="Pin_15" type="passive"/>
        <pin num="16" name="Pin_16" type="passive"/>
        <pin num="17" name="Pin_17" type="passive"/>
        <pin num="18" name="Pin_18" type="passive"/>
        <pin num="19" name="Pin_19" type="passive"/>
        <pin num="20" name="Pin_20" type="passive"/>
      </pins>
    </libpart>
    <libpart lib="Device" part="C_Small">
      <description>Unpolarized capacitor, small symbol</description>
      <docs>~</docs>
      <footprints>
        <fp>C_*</fp>
      </footprints>
      <fields>
        <field name="Reference">C</field>
        <field name="Value">C_Small</field>
        <field name="Datasheet">~</field>
      </fields>
      <pins>
        <pin num="1" name="" type="passive"/>
        <pin num="2" name="" type="passive"/>
      </pins>
    </libpart>
    <libpart lib="Device" part="Crystal_GND24">
      <description>Four pin crystal, GND on pins 2 and 4</description>
      <docs>~</docs>
      <footprints>
        <fp>Crystal*</fp>
      </footprints>
      <fields>
        <field name="Reference">Y</field>
        <field name="Value">Crystal_GND24</field>
        <field name="Datasheet">~</field>
      </fields>
      <pins>
        <pin num="1" name="1" type="passive"/>
        <pin num="2" name="2" type="passive"/>
        <pin num="3" name="3" type="passive"/>
        <pin num="4" name="4" type="passive"/>
      </pins>
    </libpart>
    <libpart lib="Device" part="R_Small">
      <description>Resistor, small symbol</description>
      <docs>~</docs>
      <footprints>
        <fp>R_*</fp>
      </footprints>
      <fields>
        <field name="Reference">R</field>
        <field name="Value">R_Small</field>
        <field name="Datasheet">~</field>
      </fields>
      <pins>
        <pin num="1" name="" type="passive"/>
        <pin num="2" name="" type="passive"/>
      </pins>
    </libpart>
    <libpart lib="Mechanical" part="MountingHole">
      <description>Mounting Hole without connection</description>
      <docs>~</docs>
      <footprints>
        <fp>MountingHole*</fp>
      </footprints>
      <fields>
        <field name="Reference">H</field>
        <field name="Value">MountingHole</field>
        <field name="Datasheet">~</field>
      </fields>
    </libpart>
    <libpart lib="Memory_Flash" part="W25Q128JVS">
      <description>128Mb Serial Flash Memory, Standard/Dual/Quad SPI, SOIC-8</description>
      <docs>http://www.winbond.com/resource-files/w25q128jv_dtr%20revc%2003272018%20plus.pdf</docs>
      <footprints>
        <fp>SOIC*5.23x5.23mm*P1.27mm*</fp>
      </footprints>
      <fields>
        <field name="Reference">U</field>
        <field name="Value">W25Q128JVS</field>
        <field name="Footprint">Package_SO:SOIC-8_5.23x5.23mm_P1.27mm</field>
        <field name="Datasheet">http://www.winbond.com/resource-files/w25q128jv_dtr%20revc%2003272018%20plus.pdf</field>
      </fields>
      <pins>
        <pin num="1" name="~{CS}" type="input"/>
        <pin num="2" name="DO(IO1)" type="bidirectional"/>
        <pin num="3" name="IO2" type="bidirectional"/>
        <pin num="4" name="GND" type="power_in"/>
        <pin num="5" name="DI(IO0)" type="bidirectional"/>
        <pin num="6" name="CLK" type="input"/>
        <pin num="7" name="IO3" type="bidirectional"/>
        <pin num="8" name="VCC" type="power_in"/>
      </pins>
    </libpart>
    <libpart lib="RP2040" part="RP2040">
      <fields>
        <field name="Reference">U</field>
        <field name="Value">RP2040</field>
        <field name="Footprint">RP2040_minimal:RP2040-QFN-56</field>
      </fields>
      <pins>
        <pin num="1" name="IOVDD" type="power_in"/>
        <pin num="2" name="GPIO0" type="bidirectional"/>
        <pin num="3" name="GPIO1" type="bidirectional"/>
        <pin num="4" name="GPIO2" type="bidirectional"/>
        <pin num="5" name="GPIO3" type="bidirectional"/>
        <pin num="6" name="GPIO4" type="bidirectional"/>
        <pin num="7" name="GPIO5" type="bidirectional"/>
        <pin num="8" name="GPIO6" type="bidirectional"/>
        <pin num="9" name="GPIO7" type="bidirectional"/>
        <pin num="10" name="IOVDD" type="power_in"/>
        <pin num="11" name="GPIO8" type="bidirectional"/>
        <pin num="12" name="GPIO9" type="bidirectional"/>
        <pin num="13" name="GPIO10" type="bidirectional"/>
        <pin num="14" name="GPIO11" type="bidirectional"/>
        <pin num="15" name="GPIO12" type="bidirectional"/>
        <pin num="16" name="GPIO13" type="bidirectional"/>
        <pin num="17" name="GPIO14" type="bidirectional"/>
        <pin num="18" name="GPIO15" type="bidirectional"/>
        <pin num="19" name="TESTEN" type="passive"/>
        <pin num="20" name="XIN" type="input"/>
        <pin num="21" name="XOUT" type="passive"/>
        <pin num="22" name="IOVDD" type="power_in"/>
        <pin num="23" name="DVDD" type="power_in"/>
        <pin num="24" name="SWCLK" type="output"/>
        <pin num="25" name="SWD" type="bidirectional"/>
        <pin num="26" name="RUN" type="input"/>
        <pin num="27" name="GPIO16" type="bidirectional"/>
        <pin num="28" name="GPIO17" type="bidirectional"/>
        <pin num="29" name="GPIO18" type="bidirectional"/>
        <pin num="30" name="GPIO19" type="bidirectional"/>
        <pin num="31" name="GPIO20" type="bidirectional"/>
        <pin num="32" name="GPIO21" type="bidirectional"/>
        <pin num="33" name="IOVDD" type="power_in"/>
        <pin num="34" name="GPIO22" type="bidirectional"/>
        <pin num="35" name="GPIO23" type="bidirectional"/>
        <pin num="36" name="GPIO24" type="bidirectional"/>
        <pin num="37" name="GPIO25" type="bidirectional"/>
        <pin num="38" name="GPIO26_ADC0" type="bidirectional"/>
        <pin num="39" name="GPIO27_ADC1" type="bidirectional"/>
        <pin num="40" name="GPIO28_ADC2" type="bidirectional"/>
        <pin num="41" name="GPIO29_ADC3" type="bidirectional"/>
        <pin num="42" name="IOVDD" type="power_in"/>
        <pin num="43" name="ADC_AVDD" type="power_in"/>
        <pin num="44" name="VREG_IN" type="power_in"/>
        <pin num="45" name="VREG_VOUT" type="power_out"/>
        <pin num="46" name="USB_DM" type="bidirectional"/>
        <pin num="47" name="USB_DP" type="bidirectional"/>
        <pin num="48" name="USB_VDD" type="power_in"/>
        <pin num="49" name="IOVDD" type="power_in"/>
        <pin num="50" name="DVDD" type="power_in"/>
        <pin num="51" name="QSPI_SD3" type="bidirectional"/>
        <pin num="52" name="QSPI_SCLK" type="output"/>
        <pin num="53" name="QSPI_SD0" type="bidirectional"/>
        <pin num="54" name="QSPI_SD2" type="bidirectional"/>
        <pin num="55" name="QSPI_SD1" type="bidirectional"/>
        <pin num="56" name="QSPI_SS" type="bidirectional"/>
        <pin num="57" name="GND" type="power_in"/>
      </pins>
    </libpart>
    <libpart lib="Regulator_Linear" part="TLV73333PDBV">
      <description>300mA Capacitor-Free Low Dropout Voltage Regulator, Fixed Output 3.3V, SOT-23-5</description>
      <docs>http://www.ti.com/lit/ds/symlink/tlv733p.pdf</docs>
      <footprints>
        <fp>SOT?23*</fp>
      </footprints>
      <fields>
        <field name="Reference">U</field>
        <field name="Value">TLV73333PDBV</field>
        <field name="Footprint">Package_TO_SOT_SMD:SOT-23-5</field>
        <field name="Datasheet">http://www.ti.com/lit/ds/symlink/tlv733p.pdf</field>
      </fields>
      <pins>
        <pin num="1" name="IN" type="power_in"/>
        <pin num="2" name="GND" type="power_in"/>
        <pin num="3" name="EN" type="input"/>
        <pin num="4" name="NC" type="no_connect"/>
        <pin num="5" name="OUT" type="power_out"/>
      </pins>
    </libpart>
    <libpart lib="Switch" part="SW_Push">
      <description>Push button switch, generic, two pins</description>
      <docs>~</docs>
      <fields>
        <field name="Reference">SW</field>
        <field name="Value">SW_Push</field>
        <field name="Datasheet">~</field>
      </fields>
      <pins>
        <pin num="1" name="1" type="passive"/>
        <pin num="2" name="2" type="passive"/>
      </pins>
    </libpart>
    <libpart lib="Type-C" part="HRO-TYPE-C-31-M-12">
      <fields>
        <field name="Reference">USB</field>
        <field name="Value">HRO-TYPE-C-31-M-12</field>
      </fields>
      <pins>
        <pin num="1" name="GND" type="input"/>
        <pin num="2" name="VBUS" type="input"/>
        <pin num="3" name="SBU2" type="input"/>
        <pin num="4" name="CC1" type="input"/>
        <pin num="5" name="DN2" type="input"/>
        <pin num="6" name="DP1" type="input"/>
        <pin num="7" name="DN1" type="input"/>
        <pin num="8" name="DP2" type="input"/>
        <pin num="9" name="SBU1" type="input"/>
        <pin num="10" name="CC2" type="input"/>
        <pin num="11" name="VBUS" type="input"/>
        <pin num="12" name="GND" type="input"/>
        <pin num="13" name="SHIELD" type="input"/>
      </pins>
    </libpart>
  </libparts>
  <libraries>
    <library logical="Connector">
      <uri>/usr/share/kicad/symbols//Connector.kicad_sym</uri>
    </library>
    <library logical="Connector_Generic">
      <uri>/usr/share/kicad/symbols//Connector_Generic.kicad_sym</uri>
    </library>
    <library logical="Device">
      <uri>/usr/share/kicad/symbols//Device.kicad_sym</uri>
    </library>
    <library logical="Mechanical">
      <uri>/usr/share/kicad/symbols//Mechanical.kicad_sym</uri>
    </library>
    <library logical="Memory_Flash">
      <uri>/usr/share/kicad/symbols//Memory_Flash.kicad_sym</uri>
    </library>
    <library logical="RP2040">
      <uri>/home/kevinnguyen/Documents/rp2040-brook /baremetal/kicad/RP2040.pretty/MCU_RaspberryPi_RP2040.lib</uri>
    </library>
    <library logical="Regulator_Linear">
      <uri>/usr/share/kicad/symbols//Regulator_Linear.kicad_sym</uri>
    </library>
    <library logical="Switch">
      <uri>/usr/share/kicad/symbols//Switch.kicad_sym</uri>
    </library>
    <library logical="Type-C">
      <uri>/home/kevinnguyen/Documents/rp2040-brook /baremetal/kicad/Type-C.pretty/Type-C.lib</uri>
    </library>
  </libraries>
  <nets>
    <net code="1" name="+1V1">
      <node ref="C6" pin="1" pintype="passive"/>
      <node ref="C7" pin="1" pintype="passive"/>
      <node ref="C8" pin="1" pintype="passive"/>
      <node ref="U3" pin="23" pinfunction="DVDD" pintype="power_in"/>
      <node ref="U3" pin="45" pinfunction="VREG_VOUT" pintype="power_out"/>
      <node ref="U3" pin="50" pinfunction="DVDD" pintype="power_in"/>
    </net>
    <net code="2" name="+3V3">
      <node ref="C10" pin="1" pintype="passive"/>
      <node ref="C11" pin="1" pintype="passive"/>
      <node ref="C12" pin="1" pintype="passive"/>
      <node ref="C13" pin="1" pintype="passive"/>
      <node ref="C14" pin="1" pintype="passive"/>
      <node ref="C15" pin="1" pintype="passive"/>
      <node ref="C16" pin="1" pintype="passive"/>
      <node ref="C4" pin="1" pintype="passive"/>
      <node ref="C5" pin="1" pintype="passive"/>
      <node ref="C9" pin="1" pintype="passive"/>
      <node ref="R2" pin="1" pintype="passive"/>
      <node ref="U1" pin="5" pinfunction="OUT" pintype="power_out"/>
      <node ref="U2" pin="8" pinfunction="VCC" pintype="power_in"/>
      <node ref="U3" pin="1" pinfunction="IOVDD" pintype="power_in"/>
      <node ref="U3" pin="10" pinfunction="IOVDD" pintype="power_in"/>
      <node ref="U3" pin="22" pinfunction="IOVDD" pintype="power_in"/>
      <node ref="U3" pin="33" pinfunction="IOVDD" pintype="power_in"/>
      <node ref="U3" pin="42" pinfunction="IOVDD" pintype="power_in"/>
      <node ref="U3" pin="43" pinfunction="ADC_AVDD" pintype="power_in"/>
      <node ref="U3" pin="44" pinfunction="VREG_IN" pintype="power_in"/>
      <node ref="U3" pin="48" pinfunction="USB_VDD" pintype="power_in"/>
      <node ref="U3" pin="49" pinfunction="IOVDD" pintype="power_in"/>
    </net>
    <net code="3" name="+5V">
      <node ref="C1" pin="1" pintype="passive"/>
      <node ref="J3" pin="1" pinfunction="Pin_1" pintype="passive"/>
      <node ref="J5" pin="1" pinfunction="Pin_1" pintype="passive"/>
      <node ref="J6" pin="1" pinfunction="Pin_1" pintype="passive"/>
      <node ref="J8" pin="1" pinfunction="Pin_1" pintype="passive"/>
      <node ref="J9" pin="19" pinfunction="Pin_19" pintype="passive"/>
      <node ref="J9" pin="20" pinfunction="Pin_20" pintype="passive"/>
      <node ref="U1" pin="1" pinfunction="IN" pintype="power_in"/>
      <node ref="U1" pin="3" pinfunction="EN" pintype="input"/>
      <node ref="USB1" pin="11" pinfunction="VBUS" pintype="input"/>
      <node ref="USB1" pin="2" pinfunction="VBUS" pintype="input"/>
    </net>
    <net code="4" name="1K">
      <node ref="J3" pin="16" pinfunction="Pin_16" pintype="passive"/>
      <node ref="J9" pin="13" pinfunction="Pin_13" pintype="passive"/>
      <node ref="U3" pin="8" pinfunction="GPIO6" pintype="bidirectional"/>
    </net>
    <net code="5" name="1P">
      <node ref="J3" pin="11" pinfunction="Pin_11" pintype="passive"/>
      <node ref="J9" pin="8" pinfunction="Pin_8" pintype="passive"/>
      <node ref="U3" pin="13" pinfunction="GPIO10" pintype="bidirectional"/>
    </net>
    <net code="6" name="2K">
      <node ref="J3" pin="17" pinfunction="Pin_17" pintype="passive"/>
      <node ref="J9" pin="14" pinfunction="Pin_14" pintype="passive"/>
      <node ref="U3" pin="9" pinfunction="GPIO7" pintype="bidirectional"/>
    </net>
    <net code="7" name="2P">
      <node ref="J3" pin="12" pinfunction="Pin_12" pintype="passive"/>
      <node ref="J9" pin="9" pinfunction="Pin_9" pintype="passive"/>
      <node ref="U3" pin="14" pinfunction="GPIO11" pintype="bidirectional"/>
    </net>
    <net code="8" name="3K">
      <node ref="J3" pin="18" pinfunction="Pin_18" pintype="passive"/>
      <node ref="J9" pin="15" pinfunction="Pin_15" pintype="passive"/>
      <node ref="U3" pin="11" pinfunction="GPIO8" pintype="bidirectional"/>
    </net>
    <net code="9" name="3P">
      <node ref="J3" pin="13" pinfunction="Pin_13" pintype="passive"/>
      <node ref="J9" pin="10" pinfunction="Pin_10" pintype="passive"/>
      <node ref="U3" pin="15" pinfunction="GPIO12" pintype="bidirectional"/>
    </net>
    <net code="10" name="4K">
      <node ref="J3" pin="19" pinfunction="Pin_19" pintype="passive"/>
      <node ref="J9" pin="16" pinfunction="Pin_16" pintype="passive"/>
      <node ref="U3" pin="12" pinfunction="GPIO9" pintype="bidirectional"/>
    </net>
    <net code="11" name="4P">
      <node ref="J3" pin="14" pinfunction="Pin_14" pintype="passive"/>
      <node ref="J9" pin="11" pinfunction="Pin_11" pintype="passive"/>
      <node ref="U3" pin="16" pinfunction="GPIO13" pintype="bidirectional"/>
    </net>
    <net code="12" name="BOOT">
      <node ref="J1" pin="1" pinfunction="Pin_1" pintype="passive"/>
      <node ref="R1" pin="2" pintype="passive"/>
      <node ref="SW19" pin="2" pinfunction="2" pintype="passive"/>
    </net>
    <net code="13" name="D+">
      <node ref="J6" pin="3" pinfunction="Pin_3" pintype="passive"/>
      <node ref="R3" pin="1" pintype="passive"/>
      <node ref="USB1" pin="6" pinfunction="DP1" pintype="input"/>
      <node ref="USB1" pin="8" pinfunction="DP2" pintype="input"/>
    </net>
    <net code="14" name="D-">
      <node ref="J6" pin="2" pinfunction="Pin_2" pintype="passive"/>
      <node ref="R4" pin="1" pintype="passive"/>
      <node ref="USB1" pin="5" pinfunction="DN2" pintype="input"/>
      <node ref="USB1" pin="7" pinfunction="DN1" pintype="input"/>
    </net>
    <net code="15" name="DOWN">
      <node ref="J3" pin="2" pinfunction="Pin_2" pintype="passive"/>
      <node ref="J9" pin="2" pinfunction="Pin_2" pintype="passive"/>
      <node ref="U3" pin="5" pinfunction="GPIO3" pintype="bidirectional"/>
    </net>
    <net code="16" name="GND">
      <node ref="C1" pin="2" pintype="passive"/>
      <node ref="C10" pin="2" pintype="passive"/>
      <node ref="C11" pin="2" pintype="passive"/>
      <node ref="C12" pin="2" pintype="passive"/>
      <node ref="C13" pin="2" pintype="passive"/>
      <node ref="C14" pin="2" pintype="passive"/>
      <node ref="C15" pin="2" pintype="passive"/>
      <node ref="C16" pin="2" pintype="passive"/>
      <node ref="C2" pin="1" pintype="passive"/>
      <node ref="C3" pin="2" pintype="passive"/>
      <node ref="C4" pin="2" pintype="passive"/>
      <node ref="C5" pin="2" pintype="passive"/>
      <node ref="C6" pin="2" pintype="passive"/>
      <node ref="C7" pin="2" pintype="passive"/>
      <node ref="C8" pin="2" pintype="passive"/>
      <node ref="C9" pin="2" pintype="passive"/>
      <node ref="J3" pin="15" pinfunction="Pin_15" pintype="passive"/>
      <node ref="J3" pin="20" pinfunction="Pin_20" pintype="passive"/>
      <node ref="J3" pin="6" pinfunction="Pin_6" pintype="passive"/>
      <node ref="J3" pin="7" pinfunction="Pin_7" pintype="passive"/>
      <node ref="J4" pin="4" pinfunction="Pin_4" pintype="passive"/>
      <node ref="J6" pin="4" pinfunction="Pin_4" pintype="passive"/>
      <node ref="J8" pin="4" pinfunction="Pin_4" pintype="passive"/>
      <node ref="J9" pin="12" pinfunction="Pin_12" pintype="passive"/>
      <node ref="J9" pin="17" pinfunction="Pin_17" pintype="passive"/>
      <node ref="J9" pin="18" pinfunction="Pin_18" pintype="passive"/>
      <node ref="R6" pin="2" pintype="passive"/>
      <node ref="R7" pin="2" pintype="passive"/>
      <node ref="SW19" pin="1" pinfunction="1" pintype="passive"/>
      <node ref="SW20" pin="1" pinfunction="1" pintype="passive"/>
      <node ref="U1" pin="2" pinfunction="GND" pintype="power_in"/>
      <node ref="U2" pin="4" pinfunction="GND" pintype="power_in"/>
      <node ref="U3" pin="19" pinfunction="TESTEN" pintype="passive"/>
      <node ref="U3" pin="57" pinfunction="GND" pintype="power_in"/>
      <node ref="USB1" pin="1" pinfunction="GND" pintype="input"/>
      <node ref="USB1" pin="12" pinfunction="GND" pintype="input"/>
      <node ref="USB1" pin="13" pinfunction="SHIELD" pintype="input"/>
      <node ref="Y1" pin="2" pinfunction="2" pintype="passive"/>
      <node ref="Y1" pin="4" pinfunction="4" pintype="passive"/>
    </net>
    <net code="17" name="HOME">
      <node ref="J3" pin="8" pinfunction="Pin_8" pintype="passive"/>
      <node ref="J9" pin="6" pinfunction="Pin_6" pintype="passive"/>
      <node ref="U3" pin="31" pinfunction="GPIO20" pintype="bidirectional"/>
    </net>
    <net code="18" name="L3">
      <node ref="J4" pin="2" pinfunction="Pin_2" pintype="passive"/>
      <node ref="U3" pin="29" pinfunction="GPIO18" pintype="bidirectional"/>
    </net>
    <net code="19" name="LEFT">
      <node ref="J3" pin="4" pinfunction="Pin_4" pintype="passive"/>
      <node ref="J9" pin="4" pinfunction="Pin_4" pintype="passive"/>
      <node ref="U3" pin="7" pinfunction="GPIO5" pintype="bidirectional"/>
    </net>
    <net code="20" name="Net-(C3-Pad1)">
      <node ref="C3" pin="1" pintype="passive"/>
      <node ref="R5" pin="1" pintype="passive"/>
      <node ref="Y1" pin="3" pinfunction="3" pintype="passive"/>
    </net>
    <net code="21" name="Net-(R3-Pad2)">
      <node ref="R3" pin="2" pintype="passive"/>
      <node ref="U3" pin="47" pinfunction="USB_DP" pintype="bidirectional"/>
    </net>
    <net code="22" name="Net-(R4-Pad2)">
      <node ref="R4" pin="2" pintype="passive"/>
      <node ref="U3" pin="46" pinfunction="USB_DM" pintype="bidirectional"/>
    </net>
    <net code="23" name="Net-(R6-Pad1)">
      <node ref="R6" pin="1" pintype="passive"/>
      <node ref="USB1" pin="10" pinfunction="CC2" pintype="input"/>
    </net>
    <net code="24" name="Net-(R7-Pad1)">
      <node ref="R7" pin="1" pintype="passive"/>
      <node ref="USB1" pin="4" pinfunction="CC1" pintype="input"/>
    </net>
    <net code="25" name="QSPI_SCLK">
      <node ref="U2" pin="6" pinfunction="CLK" pintype="input"/>
      <node ref="U3" pin="52" pinfunction="QSPI_SCLK" pintype="output"/>
    </net>
    <net code="26" name="QSPI_SD0">
      <node ref="U2" pin="5" pinfunction="DI(IO0)" pintype="bidirectional"/>
      <node ref="U3" pin="53" pinfunction="QSPI_SD0" pintype="bidirectional"/>
    </net>
    <net code="27" name="QSPI_SD1">
      <node ref="U2" pin="2" pinfunction="DO(IO1)" pintype="bidirectional"/>
      <node ref="U3" pin="55" pinfunction="QSPI_SD1" pintype="bidirectional"/>
    </net>
    <net code="28" name="QSPI_SD2">
      <node ref="U2" pin="3" pinfunction="IO2" pintype="bidirectional"/>
      <node ref="U3" pin="54" pinfunction="QSPI_SD2" pintype="bidirectional"/>
    </net>
    <net code="29" name="QSPI_SD3">
      <node ref="U2" pin="7" pinfunction="IO3" pintype="bidirectional"/>
      <node ref="U3" pin="51" pinfunction="QSPI_SD3" pintype="bidirectional"/>
    </net>
    <net code="30" name="QSPI_SS">
      <node ref="R1" pin="1" pintype="passive"/>
      <node ref="R2" pin="2" pintype="passive"/>
      <node ref="U2" pin="1" pinfunction="~{CS}" pintype="input"/>
      <node ref="U3" pin="56" pinfunction="QSPI_SS" pintype="bidirectional"/>
    </net>
    <net code="31" name="R3">
      <node ref="J4" pin="3" pinfunction="Pin_3" pintype="passive"/>
      <node ref="U3" pin="30" pinfunction="GPIO19" pintype="bidirectional"/>
    </net>
    <net code="32" name="RESET">
      <node ref="J1" pin="2" pinfunction="Pin_2" pintype="passive"/>
      <node ref="SW20" pin="2" pinfunction="2" pintype="passive"/>
      <node ref="U3" pin="26" pinfunction="RUN" pintype="input"/>
    </net>
    <net code="33" name="RGB DATA">
      <node ref="J1" pin="3" pinfunction="Pin_3" pintype="passive"/>
      <node ref="U3" pin="2" pinfunction="GPIO0" pintype="bidirectional"/>
    </net>
    <net code="34" name="RIGHT">
      <node ref="J3" pin="5" pinfunction="Pin_5" pintype="passive"/>
      <node ref="J9" pin="3" pinfunction="Pin_3" pintype="passive"/>
      <node ref="U3" pin="6" pinfunction="GPIO4" pintype="bidirectional"/>
    </net>
    <net code="35" name="SELECT">
      <node ref="J3" pin="9" pinfunction="Pin_9" pintype="passive"/>
      <node ref="J9" pin="5" pinfunction="Pin_5" pintype="passive"/>
      <node ref="U3" pin="27" pinfunction="GPIO16" pintype="bidirectional"/>
    </net>
    <net code="36" name="START">
      <node ref="J3" pin="10" pinfunction="Pin_10" pintype="passive"/>
      <node ref="J9" pin="7" pinfunction="Pin_7" pintype="passive"/>
      <node ref="U3" pin="28" pinfunction="GPIO17" pintype="bidirectional"/>
    </net>
    <net code="37" name="TP">
      <node ref="J4" pin="1" pinfunction="Pin_1" pintype="passive"/>
      <node ref="U3" pin="32" pinfunction="GPIO21" pintype="bidirectional"/>
    </net>
    <net code="38" name="UP">
      <node ref="J3" pin="3" pinfunction="Pin_3" pintype="passive"/>
      <node ref="J9" pin="1" pinfunction="Pin_1" pintype="passive"/>
      <node ref="U3" pin="4" pinfunction="GPIO2" pintype="bidirectional"/>
    </net>
    <net code="39" name="XIN">
      <node ref="C2" pin="2" pintype="passive"/>
      <node ref="U3" pin="20" pinfunction="XIN" pintype="input"/>
      <node ref="Y1" pin="1" pinfunction="1" pintype="passive"/>
    </net>
    <net code="40" name="XOUT">
      <node ref="R5" pin="2" pintype="passive"/>
      <node ref="U3" pin="21" pinfunction="XOUT" pintype="passive"/>
    </net>
    <net code="41" name="unconnected-(J2-Pad1)">
      <node ref="J2" pin="1" pinfunction="Pin_1" pintype="passive+no_connect"/>
    </net>
    <net code="42" name="unconnected-(J2-Pad2)">
      <node ref="J2" pin="2" pinfunction="Pin_2" pintype="passive+no_connect"/>
    </net>
    <net code="43" name="unconnected-(J2-Pad3)">
      <node ref="J2" pin="3" pinfunction="Pin_3" pintype="passive+no_connect"/>
    </net>
    <net code="44" name="unconnected-(J2-Pad4)">
      <node ref="J2" pin="4" pinfunction="Pin_4" pintype="passive+no_connect"/>
    </net>
    <net code="45" name="unconnected-(J2-Pad5)">
      <node ref="J2" pin="5" pinfunction="Pin_5" pintype="passive+no_connect"/>
    </net>
    <net code="46" name="unconnected-(J5-Pad2)">
      <node ref="J5" pin="2" pinfunction="Pin_2" pintype="passive+no_connect"/>
    </net>
    <net code="47" name="unconnected-(J5-Pad3)">
      <node ref="J5" pin="3" pinfunction="Pin_3" pintype="passive+no_connect"/>
    </net>
    <net code="48" name="unconnected-(J5-Pad4)">
      <node ref="J5" pin="4" pinfunction="Pin_4" pintype="passive+no_connect"/>
    </net>
    <net code="49" name="unconnected-(J5-Pad5)">
      <node ref="J5" pin="5" pinfunction="Pin_5" pintype="passive+no_connect"/>
    </net>
    <net code="50" name="unconnected-(J7-Pad1)">
      <node ref="J7" pin="1" pinfunction="Pin_1" pintype="passive+no_connect"/>
    </net>
    <net code="51" name="unconnected-(J7-Pad2)">
      <node ref="J7" pin="2" pinfunction="Pin_2" pintype="passive+no_connect"/>
    </net>
    <net code="52" name="unconnected-(J7-Pad3)">
      <node ref="J7" pin="3" pinfunction="Pin_3" pintype="passive+no_connect"/>
    </net>
    <net code="53" name="unconnected-(J7-Pad4)">
      <node ref="J7" pin="4" pinfunction="Pin_4" pintype="passive+no_connect"/>
    </net>
    <net code="54" name="unconnected-(J8-Pad2)">
      <node ref="J8" pin="2" pinfunction="Pin_2" pintype="passive+no_connect"/>
    </net>
    <net code="55" name="unconnected-(J8-Pad3)">
      <node ref="J8" pin="3" pinfunction="Pin_3" pintype="passive+no_connect"/>
    </net>
    <net code="56" name="unconnected-(U1-Pad4)">
      <node ref="U1" pin="4" pinfunction="NC" pintype="no_connect"/>
    </net>
    <net code="57" name="unconnected-(U3-Pad3)">
      <node ref="U3" pin="3" pinfunction="GPIO1" pintype="bidirectional+no_connect"/>
    </net>
    <net code="58" name="unconnected-(U3-Pad17)">
      <node ref="U3" pin="17" pinfunction="GPIO14" pintype="bidirectional+no_connect"/>
    </net>
    <net code="59" name="unconnected-(U3-Pad18)">
      <node ref="U3" pin="18" pinfunction="GPIO15" pintype="bidirectional+no_connect"/>
    </net>
    <net code="60" name="unconnected-(U3-Pad24)">
      <node ref="U3" pin="24" pinfunction="SWCLK" pintype="output+no_connect"/>
    </net>
    <net code="61" name="unconnected-(U3-Pad25)">
      <node ref="U3" pin="25" pinfunction="SWD" pintype="bidirectional+no_connect"/>
    </net>
    <net code="62" name="unconnected-(U3-Pad34)">
      <node ref="U3" pin="34" pinfunction="GPIO22" pintype="bidirectional+no_connect"/>
    </net>
    <net code="63" name="unconnected-(U3-Pad35)">
      <node ref="U3" pin="35" pinfunction="GPIO23" pintype="bidirectional+no_connect"/>
    </net>
    <net code="64" name="unconnected-(U3-Pad36)">
      <node ref="U3" pin="36" pinfunction="GPIO24" pintype="bidirectional+no_connect"/>
    </net>
    <net code="65" name="unconnected-(U3-Pad37)">
      <node ref="U3" pin="37" pinfunction="GPIO25" pintype="bidirectional+no_connect"/>
    </net>
    <net code="66" name="unconnected-(U3-Pad38)">
      <node ref="U3" pin="38" pinfunction="GPIO26_ADC0" pintype="bidirectional+no_connect"/>
    </net>
    <net code="67" name="unconnected-(U3-Pad39)">
      <node ref="U3" pin="39" pinfunction="GPIO27_ADC1" pintype="bidirectional+no_connect"/>
    </net>
    <net code="68" name="unconnected-(U3-Pad40)">
      <node ref="U3" pin="40" pinfunction="GPIO28_ADC2" pintype="bidirectional+no_connect"/>
    </net>
    <net code="69" name="unconnected-(U3-Pad41)">
      <node ref="U3" pin="41" pinfunction="GPIO29_ADC3" pintype="bidirectional+no_connect"/>
    </net>
    <net code="70" name="unconnected-(USB1-Pad3)">
      <node ref="USB1" pin="3" pinfunction="SBU2" pintype="input+no_connect"/>
    </net>
    <net code="71" name="unconnected-(USB1-Pad9)">
      <node ref="USB1" pin="9" pinfunction="SBU1" pintype="input+no_connect"/>
    </net>
  </nets>
</export>
